X3,Y3,Z3
-878.2985229,413.3375854,-750.6824951
-878.265625,413.3330078,-750.6625977
-878.2338867,413.3301086,-750.6431885
-878.2044067,413.3292542,-750.6248779
-878.1782837,413.3301086,-750.6074829
-878.1557007,413.3319397,-750.5908203
-878.1365967,413.3334656,-750.574707
-878.1202393,413.3330078,-750.5588379
-878.105835,413.3286438,-750.5425415
-878.0922852,413.3186035,-750.5258789
-878.0787354,413.3021851,-750.508728
-878.0643311,413.2799377,-750.4914551
-878.0487671,413.253479,-750.473877
-878.0322876,413.224884,-750.4552612
-878.0154419,413.1958923,-750.434082
-877.9994507,413.1677551,-750.4088135
-877.9857178,413.141449,-750.3787231
-877.9749756,413.1175842,-750.3446045
-877.9672241,413.0969238,-750.3081055
-877.9619751,413.0801086,-750.2714233
-877.9584351,413.067749,-750.2359619
-877.9556885,413.0600281,-750.2020264
-877.9532471,413.0566711,-750.1692505
-877.9507446,413.0570374,-750.1369019
-877.9484863,413.0603027,-750.1045532
-877.9469604,413.06604,-750.0721436
-877.9466553,413.0737305,-750.0396729
-877.9478149,413.0831909,-750.0074463
-877.9508667,413.0942688,-749.9764404
-877.9557495,413.1066895,-749.9478149
-877.9619751,413.1204224,-749.9231567
-877.9683838,413.1359558,-749.9035645
-877.9738159,413.1540222,-749.890625
-877.9768677,413.1750793,-749.8859863
-877.975769,413.198761,-749.8919067
-877.9689331,413.2239685,-749.9110107
-877.9551392,413.2493286,-749.9454346
-877.9346924,413.2741699,-749.9946289
-877.909729,413.2989807,-750.0540161
-877.885498,413.3252869,-750.1142578
-877.8679199,413.35495,-750.164856
-877.8604126,413.3884888,-750.1997681
-877.8613892,413.4242554,-750.2216797
-877.8656616,413.4590454,-750.2393188
-877.8671875,413.489624,-750.2619019
-877.8618774,413.5140381,-750.2940063
-877.8496094,413.5321045,-750.333252
-877.9000244,413.5667419,-750.3109741
-877.9536133,413.5992432,-750.2731934
-877.9944458,413.6254883,-750.1784058
-878.0292358,413.6474304,-750.0931396
-878.0524292,413.6608887,-750.0257568
-878.0617065,413.6635742,-749.9801025
-878.0582275,413.6551208,-749.9539185
-878.0457153,413.6370239,-749.9404907
-878.0287476,413.6116943,-749.9318848
-878.0112915,413.5818176,-749.9215698
-877.9955444,413.5498657,-749.9059448
-877.9819946,413.5178223,-749.8837891
-877.9706421,413.487854,-749.854248
-877.9610596,413.4617004,-749.817627
-877.9528198,413.4405823,-749.7745361
-877.947998,413.426239,-749.7216187
-877.9506836,413.4204102,-749.6526489
-877.9634399,413.4234619,-749.5640259
-877.9860229,413.4335938,-749.4579468
-878.0152588,413.4475708,-749.3417358
-877.9312744,413.3994141,-749.4776611
-877.8466797,413.3534241,-749.611145
-877.890686,413.4008179,-749.4524536
-877.9188843,413.4366455,-749.3181763
-877.9240112,413.4550171,-749.2211914
-877.9063721,413.4553223,-749.1618652
-877.8724976,413.4412842,-749.1308594
-877.8317871,413.4187622,-749.1141968
-877.7926636,413.3925781,-749.0995483
-877.7606201,413.3655396,-749.0793457
-877.7385864,413.3386841,-749.0494995
-877.7281494,413.3122864,-749.0080566
-877.7289429,413.2865906,-748.9542236
-877.739502,413.2614746,-748.8878174
-877.7567749,413.2369385,-748.8101807
-877.7762451,413.212677,-748.7254639
-877.7913208,413.1882324,-748.6412964
-877.7960205,413.1632996,-748.5655518
-877.7874756,413.1382446,-748.5018311
-877.7665405,413.1143188,-748.4484253
-877.7359009,413.092804,-748.4017334
-877.6986084,413.0743103,-748.3582153
-877.6572266,413.0585327,-748.3161621
-877.6141357,413.0451355,-748.2749023
-877.5730591,413.0352783,-748.2330933
-877.5379639,413.0309753,-748.1889648
-877.5113525,413.0339355,-748.1419067
-877.4937744,413.0450134,-748.0922852
-877.484375,413.0640259,-748.0408325
-877.4812622,413.09021,-747.9888916
-877.4811401,413.1221924,-747.9390259
-877.4801636,413.1578369,-747.8946533
-877.475708,413.1950378,-747.8582153
-877.4673462,413.2322998,-747.8295898
-877.4555054,413.2686462,-747.8078003
-877.4411011,413.3035583,-747.7913818
-877.4268799,413.3377075,-747.7765503
-877.4164429,413.3719177,-747.7592773
-877.4126587,413.4062195,-747.7375488
-877.4161377,413.4395752,-747.7113647
-877.4255371,413.4698792,-747.6832886
-877.4373169,413.4944458,-747.6582642
-877.447876,413.5109558,-747.6418457
-877.4541626,413.5182495,-747.6378174
-877.4545898,413.5163269,-747.6472168
-877.4499512,413.5059814,-747.6660767
-877.4421997,413.4884644,-747.6878052
-877.4320068,413.4642639,-747.7084351
-877.4188843,413.4333801,-747.7283325
-877.4036865,413.3967285,-747.7470703
-877.3884277,413.355835,-747.763855
-877.3745728,413.3117981,-747.7786865
-877.3619385,413.2649536,-747.7946167
-877.348938,413.2153931,-747.815979
-877.3336182,413.1634216,-747.8471069
-877.3132935,413.109375,-747.8920288
-877.2838745,413.0523376,-747.9562378
-877.2421875,412.991333,-748.0432129
-877.1880493,412.9270325,-748.1497192
-877.1266479,412.8632202,-748.2633667
-877.0886841,412.8002014,-748.34729
-877.0645752,412.7469177,-748.4055176
-877.1370239,412.7641907,-748.2961426
-877.1987305,412.776123,-748.2068481
-877.2437744,412.7802734,-748.1487427
-877.2716064,412.7763672,-748.1229858
-877.2849121,412.7654114,-748.1248169
-877.2874146,412.7489929,-748.1473999
-877.28302,412.7286682,-748.1845703
-877.2746582,412.7058411,-748.2320557
-877.2642822,412.6814575,-748.2872314
-877.2523804,412.656189,-748.3491211
-877.2385254,412.6304626,-748.4174194
-877.2216187,412.6046143,-748.4920654
-877.2009277,412.5791016,-748.5722046
-877.1774292,412.5548401,-748.6542969
-877.1542969,412.5334473,-748.7323608
-877.1351318,412.5166931,-748.8002319
-877.1220093,412.5058899,-748.8547974
-877.1153564,412.5019226,-748.8963623
-877.114563,412.5050049,-748.9277954
-877.1196899,412.5154114,-748.9519653
-877.1303711,412.5326843,-748.9714966
-877.1444702,412.5552979,-748.9905396
-877.1587524,412.5810242,-749.0127563
-877.1707764,412.6078491,-749.0386963
-877.1790161,412.6341553,-749.0670776
-877.1834106,412.6586914,-749.0958252
-877.1842041,412.6809692,-749.1231079
-877.182251,412.7007446,-749.147522
-877.1783447,412.7177124,-749.1680908
-877.173645,412.7314453,-749.1842651
-877.1693726,412.7416687,-749.1963501
-877.166626,412.7485352,-749.2052002
-877.1657715,412.7525635,-749.2124634
-877.1663208,412.7542114,-749.2200317
-877.1673584,412.7539368,-749.2290039
-877.1674805,412.7521973,-749.239563
-877.1659546,412.7498474,-749.2512817
-877.1626587,412.7481079,-749.2627563
-877.1580811,412.7483215,-749.2728882
-877.1525879,412.7514343,-749.2805786
-877.1463623,412.757843,-749.2856445
-877.1394043,412.7672424,-749.2886963
-877.1316528,412.7788696,-749.2913208
-877.1229858,412.7922668,-749.2947998
-877.1134033,412.8074036,-749.2996826
-877.1028442,412.8242188,-749.3057861
-877.0911865,412.8422546,-749.3126831
-877.0783691,412.8608704,-749.3197632
-877.06427,412.8794861,-749.326355
-877.048645,412.8975525,-749.3317261
-877.0310059,412.9150696,-749.3357544
-877.0109253,412.9321899,-749.3394775
-876.9876709,412.9490662,-749.3457031
-876.9605713,412.9651184,-749.3581543
-876.9287109,412.9787292,-749.3812866
-876.8911743,412.9874268,-749.4187622
-876.8478394,412.988739,-749.4729614
-876.7996216,412.9812927,-749.5426025
-876.7492676,412.9653931,-749.6221313
-876.7003784,412.9427795,-749.7033691
-876.6560059,412.9154053,-749.7783813
-876.6195679,412.8851929,-749.8401489
-876.5940552,412.8532715,-749.8840942
-876.5813599,412.8199768,-749.9089966
-876.5809937,412.7850647,-749.9171143
-876.590271,412.7486877,-749.9121094
-876.6063843,412.711853,-749.8970947
-876.6271973,412.676239,-749.8734741
-876.6497803,412.6427307,-749.8450317
-876.6699219,412.6107178,-749.8180542
-876.6846313,412.5793152,-749.7979736
-876.6928711,412.548584,-749.7872925
-876.6948242,412.5193176,-749.7865601
-876.6912842,412.4924622,-749.7958984
-876.6831665,412.4684753,-749.8151855
-876.6710815,412.4473877,-749.8449707
-876.6551514,412.428772,-749.8865356
-876.6353149,412.4121094,-749.9412231
-876.6117554,412.3970032,-750.0096436
-876.5862427,412.3834229,-750.0899658
-876.5626831,412.3719788,-750.1768799
-876.5456543,412.3634949,-750.2642212
-876.5357666,412.3580322,-750.3511353
-876.5307617,412.3549194,-750.4411011
-876.5291138,412.3541565,-750.5352173
-876.5319214,412.3563538,-750.6296387
-876.5397339,412.3617554,-750.7192383
-876.5505371,412.3690796,-750.8007813
-876.5689697,412.4024658,-750.8571777
-876.5930176,412.4359436,-750.9089355
-876.645752,412.4441833,-750.9717407
-876.6967163,412.4516907,-751.0352173
-876.7458496,412.4578857,-751.0996704
-876.7932129,412.4624329,-751.1651001
-876.8393555,412.4649658,-751.2315674
-876.8858032,412.465332,-751.2988281
-876.9344482,412.463623,-751.3666992
-876.9865723,412.4602661,-751.4351807
-877.0415039,412.4562988,-751.5039063
-877.2121582,412.4929199,-751.3756714
-877.3822632,412.5297241,-751.2380981
-877.4370117,412.5282898,-751.2587891
-877.4934692,412.5272522,-751.2752686
-877.5501099,412.5251465,-751.2868652
-877.6039429,412.520752,-751.2965088
-877.6533813,412.5141296,-751.3056641
-877.6977539,412.5062256,-751.3137207
-877.7377319,412.4978027,-751.3182983
-877.774231,412.4891968,-751.3170776
-877.8087769,412.4801331,-751.3085327
-877.8425293,412.4697571,-751.2915039
-877.876709,412.4570923,-751.2653809
-877.9122925,412.4413452,-751.2297363
-877.9495239,412.4223022,-751.1849976
-877.987793,412.4000244,-751.1326904
-878.0262451,412.3746338,-751.0748901
-878.0637817,412.346344,-751.0148315
-878.0987549,412.3152466,-750.9568481
-878.1287231,412.2811584,-750.9060059
-878.1506958,412.243103,-750.8677368
-878.1617432,412.199707,-750.8470459
-878.1602783,412.1500244,-750.8475952
-878.1473389,412.0942993,-750.8696289
-878.1273804,412.034729,-750.9080811
-878.1066284,411.9749451,-750.9539185
-878.104126,411.9472656,-750.946106
-878.1080933,411.9428406,-750.9205322
-878.1228638,411.9642029,-750.8713379
-878.1490479,412.0126038,-750.7999878
-878.1876831,412.0896606,-750.7081909
-878.239502,412.1967468,-750.5974731
-878.2994995,412.317688,-750.4759521
-878.397522,412.5335693,-750.3126831
-878.477417,412.7026062,-750.1743774
-878.5354004,412.8612671,-750.0718994
-878.5721436,413.0418091,-750.0089111
-878.593689,413.2736816,-749.9798584
-878.6110229,413.5847473,-749.9706421
-878.6359863,414.0012512,-749.9654541
-878.6777344,414.5476379,-749.953064
-878.742981,415.2473755,-749.9282837
-878.8355713,416.1231079,-749.8922729
-878.9568481,417.1961365,-749.8515015
-879.1063232,418.486084,-749.8136597
-879.2840576,420.0107117,-749.7820435
-879.4915771,421.7853394,-749.7519531
-879.7307739,423.8213806,-749.7120361
-880.0001221,426.1251221,-749.6494141
-880.2924194,428.6964111,-749.5582275
-880.5961304,431.5289307,-749.4415283
-880.9000854,434.6113281,-749.3071289
-881.1973877,437.9266357,-749.1633911
-881.4853516,441.4493713,-749.0177002
-881.7646484,445.140564,-748.8759155
-882.0363159,448.9419861,-748.7443848
-882.2990723,452.7726135,-748.630188
-882.5507813,456.532074,-748.5371704
-882.7901001,460.1113586,-748.4616699
-883.0439453,464.70578,-748.5593262
-883.3143921,469.4822998,-748.6859741
-883.6905518,474.2946472,-748.77948
-884.0740967,479.3096619,-748.87323
-884.4521484,484.479126,-748.9633179
-884.8139038,489.7763977,-749.0461426
-885.1497192,495.1914063,-749.1192017
-885.449707,500.7260132,-749.180481
-885.7045288,506.3894043,-749.2287598
-885.9083862,512.1925049,-749.263916
-886.0615234,518.1425171,-749.288208
-886.1708374,524.2401123,-749.3070068
-886.2463379,530.4817505,-749.3279419
-886.2981567,536.8629761,-749.3587036
-886.3345337,543.382019,-749.4042358
-886.3619995,550.0396729,-749.4663086
-886.3859253,556.8391724,-749.5439453
-886.4120483,563.7840576,-749.6335449
-886.4468994,570.8755493,-749.7312012
-886.4958496,578.1113281,-749.8366699
-886.5603027,585.4844971,-749.9558105
-886.6386108,592.9846191,-750.0979004
-886.7283936,600.5990601,-750.2702637
-886.8252563,608.3139648,-750.475708
-886.9205933,616.1151733,-750.7109375
-887.0023193,623.9888306,-750.9674072
-887.0585938,631.9213867,-751.2355957
-887.081543,639.8997192,-751.5075073
-887.0675659,647.9119263,-751.776001
-887.0157471,655.9481201,-752.0334473
-886.9257813,664.0018311,-752.2716675
-886.7993164,672.0700684,-752.4819946
-886.6391602,680.1526489,-752.6554565
-886.4486694,688.2526245,-752.7849121
-886.2306519,696.3777466,-752.8679199
-885.9863281,704.5413818,-752.90979
-885.7154541,712.7595825,-752.9231567
-885.4168701,721.0445557,-752.9234009
-885.09021,729.3985596,-752.9238281
-884.7365723,737.8132935,-752.9335938
-884.3575439,746.2731934,-752.9586792
-883.9540405,754.7598877,-753.0026245
-883.5253906,763.2553101,-753.0665283
-883.0689697,771.7442017,-753.1484985
-882.581665,780.2145386,-753.2435913
-882.0600586,788.6571655,-753.3441772
-881.5021362,797.0645752,-753.4428101
-880.9072876,805.4291992,-753.534668
-880.2775269,813.744751,-753.6199341
-879.6156616,822.0070801,-753.7033081
-878.9238892,830.2125244,-753.7927856
-878.2021484,838.3551636,-753.8973389
-877.4475708,846.4257813,-754.0235596
-876.6554565,854.4140015,-754.1743164
-875.8206177,862.3100586,-754.348877
-874.9379883,870.1054077,-754.5443726
-874.00354,877.7914429,-754.7579346
-873.0141602,885.3582764,-754.9868774
-871.9672852,892.7949219,-755.2289429
-870.8599854,900.0888062,-755.4821777
-869.6890869,907.2275391,-755.7443237
-868.4520874,914.1997681,-756.0118408
-867.1481323,920.9962769,-756.2778931
-865.7786255,927.6098022,-756.5323486
-864.3465576,934.0357056,-756.7644653
-862.8550415,940.2719116,-756.9657593
-861.3067627,946.3189087,-757.1309814
-859.7038574,952.1801758,-757.2565308
-858.0476074,957.8629761,-757.3392944
-856.3381348,963.3800659,-757.3760376
-854.5737915,968.7493286,-757.3626709
-852.7523193,973.9926758,-757.2950439
-850.87323,979.1303711,-757.1711426
-848.9414063,984.1691284,-756.9956665
-846.9719849,989.0864258,-756.7844849
-844.9904785,993.8231812,-756.5646973
-843.0231934,998.3049927,-756.3672485
-841.0852661,1002.482849,-756.2139893
-839.177002,1006.358948,-756.1082764
-837.2905884,1009.971313,-756.036438
-835.4191895,1013.359741,-755.9785156
-833.5608521,1016.548096,-755.9182129
-831.7180786,1019.548462,-755.8466797
-829.8950195,1022.370911,-755.7606812
-828.0963135,1025.024902,-755.6604614
-826.3270874,1027.51709,-755.5498047
-824.5925293,1029.852295,-755.4365845
-822.8964844,1032.03479,-755.3302612
-821.2415161,1034.070435,-755.2403564
-819.6290894,1035.964844,-755.1737671
-818.0596924,1037.723267,-755.1351929
-816.5322876,1039.351074,-755.1268921
-815.0447998,1040.854248,-755.1486206
-813.5941772,1042.23938,-755.1967773
-812.1768799,1043.513184,-755.2650146
-810.7886353,1044.682739,-755.3447876
-809.4243774,1045.75647,-755.4273682
-808.0785522,1046.743408,-755.5057373
-806.7468262,1047.651611,-755.5751953
-805.4263306,1048.487549,-755.6324463
-804.1157837,1049.257935,-755.6749878
-802.8140259,1049.972778,-755.7005005
-801.519043,1050.644287,-755.7067261
-800.2277222,1051.28418,-755.6931763
-798.9365845,1051.899658,-755.6611328
-797.6429443,1052.491333,-755.6132202
-796.3464966,1053.054565,-755.552124
-795.0494995,1053.578857,-755.4813843
-793.7573242,1054.05127,-755.4047241
-792.477478,1054.45813,-755.3258057
-791.2188721,1054.788208,-755.2479858
-789.9918213,1055.034912,-755.1734619
-788.8062744,1055.197998,-755.1035156
-787.6714478,1055.283203,-755.0390015
-786.5960083,1055.301636,-754.9813232
-785.5875244,1055.268188,-754.9332275
-784.6508789,1055.199585,-754.8991089
-783.7872925,1055.112915,-754.8834229
-782.9956055,1055.025024,-754.8878174
-782.2741089,1054.953613,-754.90979
-781.6209106,1054.915527,-754.942688
-781.0337524,1054.925537,-754.9776001
-780.5098267,1054.993896,-755.0047607
-780.0447388,1055.124634,-755.0158081
-779.6328125,1055.313354,-755.0046997
-779.2665405,1055.547974,-754.9689941
-778.9368896,1055.811279,-754.9101562
-778.6343994,1056.082764,-754.8328857
-778.3505859,1056.342651,-754.7440186
-778.0778198,1056.574829,-754.6500244
-777.8098145,1056.767578,-754.5563354
-777.5426025,1056.915649,-754.4666138
-777.2747803,1057.017334,-754.3829956
-777.0074463,1057.073853,-754.3059082
-776.7436523,1057.089355,-754.2346191
-776.4869385,1057.070068,-754.1671143
-776.2406616,1057.02478,-754.1010132
-776.0093994,1056.963379,-754.0343018
-775.7991943,1056.895386,-753.9656982
-775.6166992,1056.827759,-753.8944092
-775.4678345,1056.763428,-753.8208008
-775.3565063,1056.702637,-753.7472534
-775.2849731,1056.643555,-753.6776733
-775.2536621,1056.584106,-753.6165161
-775.2617188,1056.523926,-753.5669556
-775.307373,1056.465576,-753.5306396
-775.3893433,1056.413818,-753.5071411
-775.5076294,1056.373413,-753.4940186
-775.6628418,1056.348145,-753.4869385
-775.8551636,1056.338623,-753.4819946
-776.0825806,1056.343506,-753.4761963
-776.3413696,1056.359619,-753.4678955
-776.626709,1056.383423,-753.456604
-776.9347534,1056.412109,-753.4429932
-777.2630615,1056.442749,-753.4276733
-777.6102295,1056.473389,-753.4105835
-777.9754028,1056.500732,-753.3916016
-778.3586426,1056.520508,-753.3709717
-778.7598267,1056.528442,-753.3508911
-779.1785278,1056.520874,-753.3345337
-779.6141968,1056.496216,-753.324585
-780.0667114,1056.454468,-753.3215332
-780.5360718,1056.398438,-753.3236694
-781.0231934,1056.332275,-753.3278809
-781.5297852,1056.261719,-753.3304443
-782.0584717,1056.191895,-753.3293457
-782.6122437,1056.125977,-753.324707
-783.1942139,1056.064941,-753.3178711
-783.8079224,1056.00647,-753.3109131
-784.456543,1055.946045,-753.3063354
-785.1427612,1055.877319,-753.3071289
-785.8684082,1055.793823,-753.3162842
-786.6345215,1055.689331,-753.3357544
-787.4418335,1055.557251,-753.3648682
-788.2910767,1055.391968,-753.4006958
-789.1829224,1055.189697,-753.4384155
-790.1183472,1054.949219,-753.4727173
-791.0982666,1054.672119,-753.4979858
-792.1234131,1054.361694,-753.5103149
-793.1936646,1054.022339,-753.5083008
-794.309082,1053.656616,-753.4915161
-795.4709473,1053.26416,-753.4592896
-796.6820679,1052.841553,-753.4105835
-797.9464722,1052.382202,-753.3466187
-799.2667236,1051.878052,-753.2715454
-800.6417236,1051.320068,-753.1925049
-802.0667725,1050.698364,-753.1177979
-803.5358276,1050.001587,-753.0543823
-805.0427856,1049.217529,-753.0058594
-806.5825195,1048.332764,-752.9713135
-808.1524658,1047.333984,-752.9451294
-809.751709,1046.208862,-752.9191895
-811.3796997,1044.946777,-752.8856201
-813.0343628,1043.539551,-752.8399658
-814.7115479,1041.980347,-752.7820435
-816.4047852,1040.26355,-752.7151489
-818.1066284,1038.384766,-752.6431274
-819.8106079,1036.341553,-752.5680542
-821.5122681,1034.131958,-752.489502
-823.2099609,1031.753906,-752.4053345
-824.9053955,1029.202393,-752.3122559
-826.6020508,1026.469116,-752.2075195
-828.3025513,1023.543335,-752.0905151
-830.0074463,1020.414307,-751.9642944
-831.7147217,1017.074646,-751.835083
-833.4192505,1013.522827,-751.7114868
-835.1132813,1009.762695,-751.6044312
-836.7877197,1005.803162,-751.5252686
-838.4335938,1001.655029,-751.4840698
-840.0436401,997.3274536,-751.4853516
-841.6135864,992.8240356,-751.5255127
-843.1416016,988.1409912,-751.5932007
-844.6270752,983.2680054,-751.6724854
-846.0706177,978.1911011,-751.7477417
-847.4730835,972.8978271,-751.8094482
-848.8349609,967.3810425,-751.8566284
-850.1561279,961.6417236,-751.8959351
-851.4372559,955.6893311,-751.9391479
-852.6796265,949.539856,-752.0002441
-853.8856812,943.2123413,-752.0924072
-855.0579224,936.7252197,-752.2266846
-856.1983032,930.0930176,-752.411438
-857.3081665,923.3255615,-752.6513062
-858.387207,916.4300537,-752.946167
-859.4328613,909.4142456,-753.291748
-860.4401855,902.2890015,-753.6796265
-861.4032593,895.0681152,-754.0961304
-862.3165894,887.7662354,-754.5213623
-863.1769409,880.3959961,-754.9309082
-863.9847412,872.9660034,-755.2993774
-864.7426147,865.4797974,-755.6047363
-865.4543457,857.9363403,-755.8336792
-866.12323,850.3311157,-755.9841309
-866.7514038,842.6581421,-756.065979
-867.3390503,834.9129639,-756.0978394
-867.8832397,827.0952759,-756.1011353
-868.3783569,819.2107544,-756.0930786
-868.8189697,811.2716675,-756.0805054
-869.203186,803.2960205,-756.05896
-869.5350952,795.3051758,-756.0165405
-869.8248291,787.3201294,-755.9412842
-870.0863037,779.3587646,-755.828186
-870.3336182,771.4325562,-755.6829834
-870.5770264,763.5459595,-755.5228882
-870.8197021,755.697998,-755.3733521
-871.0564575,747.8840332,-755.2625122
-871.2748413,740.0973511,-755.2120361
-871.4597778,732.3312378,-755.2301636
-871.5988159,724.5811768,-755.3081055
-871.6851196,716.8474121,-755.4221802
-871.7191772,709.1359863,-755.5383301
-871.7075195,701.4577026,-755.619812
-871.6599121,693.8259888,-755.6366577
-871.5869751,686.2537231,-755.5731201
-871.4985352,678.7514038,-755.4299316
-871.4018555,671.3267822,-755.2211304
-871.3015137,663.9871216,-754.9671021
-871.2005615,656.7424316,-754.6889648
-871.1027832,649.6072388,-754.4035645
-871.012207,642.5997925,-754.121521
-870.9326172,635.7384644,-753.8481445
-870.8656006,629.0357056,-753.5864258
-870.8114624,622.4932861,-753.3383179
-870.769165,616.1008301,-753.1047974
-870.7366943,609.8380737,-752.8862305
-870.711853,603.680481,-752.6827393
-870.6934814,597.6052246,-752.4935913
-870.6819458,591.5980225,-752.3165283
-870.678894,585.6556396,-752.1477051
-870.6861572,579.7843018,-751.9819946
-870.7042236,573.9945068,-751.8151245
-870.7325439,568.2957764,-751.6448364
-870.7672729,562.6936035,-751.4724731
-870.8007813,557.1898804,-751.3024292
-870.8218384,551.7838135,-751.1403809
-870.8175659,546.473877,-750.9917603
-870.7761841,541.2582397,-750.8609009
-870.69104,536.1345825,-750.7503662
-870.5619507,531.1004639,-750.663269
-870.3963623,526.1533203,-750.6049194
-870.2062988,521.2924194,-750.5841064
-870.0053101,516.5229492,-750.6114502
-869.8029175,511.8606567,-750.6951904
-869.6029663,507.3386841,-750.8369751
-869.4057007,503.0126343,-751.0292969
-869.2111206,498.9641724,-751.255188
-869.0224609,495.2988892,-751.4925537
-868.8458252,492.1327515,-751.718811
-868.4802246,487.647644,-751.9951782
-868.0792847,483.2626648,-752.2249756
-867.5990601,479.8269958,-752.1095581
-867.1405029,476.3796387,-752.0164185
-866.7269287,473.026123,-751.9596558
-866.3717041,469.8452759,-751.9516602
-866.0754395,466.8851929,-752.0004272
-865.8284302,464.1633606,-752.1062622
-865.616394,461.6708374,-752.2599487
-865.4258423,459.3795471,-752.4433594
-865.2459106,457.2532349,-752.6333618
-865.0685425,455.2578735,-752.8063354
-864.8884277,453.3697815,-752.9432983
-864.7043457,451.5794373,-753.0327148
-864.5200195,449.8918152,-753.0710449
-864.3444214,448.322113,-753.0631714
-864.1904907,446.8887939,-753.0222168
-864.0727539,445.6083984,-752.9662476
-864.0054321,444.4933167,-752.9138184
-864.000061,443.5501709,-752.8807983
-864.0628052,442.7800293,-752.8766479
-864.1929932,442.1791992,-752.9017944
-864.3826294,441.7387695,-752.9484863
-864.6184692,441.444519,-753.003479
-864.8853149,441.2769775,-753.0535889
-865.168335,441.2125244,-753.0895386
-865.4550171,441.2271729,-753.1073608
-865.7353516,441.3010254,-753.1070557
-866.0026855,441.4205017,-753.0918579
-866.2536621,441.5788574,-753.0671997
-866.4880371,441.773407,-753.0408936
-866.7085571,442.0020752,-753.0222778
-866.9180298,442.2625427,-753.0189819
-867.1183472,442.5514221,-753.0338135
-867.3094482,442.8630676,-753.0637207
-867.4901733,443.1890259,-753.1012573
-867.6588745,443.519165,-753.1373901
-867.8135986,443.8436279,-753.1638794
-867.9523315,444.1542358,-753.1754761
-868.072937,444.444458,-753.1690674
-868.1739502,444.7094727,-753.1442871
-868.2550659,444.9458313,-753.1026001
-868.3179932,445.1513977,-753.0479736
-868.3667603,445.3260498,-752.9853516
-868.4069214,445.4728394,-752.9196167
-868.444397,445.5986938,-752.854126
-868.484314,445.7131653,-752.7894287
-868.5307617,445.8248901,-752.7246094
-868.5873413,445.9368286,-752.6608276
-868.6570435,446.0465698,-752.600708
-868.7406616,446.150116,-752.5461426
-868.8356323,446.2448425,-752.4966431
-868.9373779,446.3299866,-752.4499512
-869.0404663,446.406189,-752.4039917
-869.1399536,446.4753113,-752.3573608
-869.2323608,446.5401001,-752.3094482
-869.31604,446.6042175,-752.2589722
-869.3904419,446.6722107,-752.2039185
-869.456665,446.7477417,-752.1427612
-869.5175171,446.8323669,-752.0761108
-869.5765381,446.927063,-752.0059204
-869.6370239,447.0334473,-751.934021
-869.7022705,447.1546631,-751.8621826
-869.7749634,447.2949219,-751.7915039
-869.8571167,447.4601135,-751.7224731
-869.9506226,447.6574097,-751.6552734
-870.0571289,447.8954468,-751.5901489
-870.1782227,448.1842651,-751.5278931
-870.3150635,448.5352783,-751.4688721
-870.4673462,448.9608459,-751.4134521
-870.6340942,449.4741211,-751.3606567
-870.8137817,450.0882874,-751.3088989
-871.0050659,450.8160095,-751.2559204
-871.2067261,451.6695862,-751.1992798
-871.418335,452.6601257,-751.137085
-871.6403809,453.7972412,-751.0675659
-871.8740234,455.0895691,-750.9889526
-872.1201172,456.5454712,-750.8994141
-872.3790283,458.1727295,-750.7969971
-872.6513672,459.9777222,-750.6800537
-872.9378052,461.9646301,-750.5474854
-873.2396851,464.1349182,-750.3988037
-873.5574951,466.4874573,-750.2341919
-873.890686,469.0193787,-750.0547485
-874.2370605,471.7269287,-749.8627319
-874.5933228,474.6063232,-749.663147
-874.9559326,477.6541138,-749.4641724
-875.3220215,480.8668213,-749.2769165
-875.6904907,484.2407837,-749.1138306
-876.0619507,487.7715454,-748.987915
-876.4382935,491.453064,-748.9111328
-876.8216553,495.276123,-748.8901367
-877.2142944,499.2280884,-748.9234009
-877.6178589,503.2947998,-749.0015259
-878.0328979,507.4640808,-749.1112061
-878.4562988,511.7299194,-749.2384644
-878.8783569,516.0951538,-749.3693237
-879.2801514,520.5715332,-749.4896851
-879.6373901,525.1756592,-749.5858765
-879.9285278,529.9206543,-749.647522
-880.1426392,534.8097534,-749.6691895
-880.2819824,539.8344116,-749.651001
-880.359375,544.9771118,-749.5983887
-880.3913574,550.2191772,-749.5234375
-880.3913574,555.5478516,-749.4435425
-880.3659668,560.958252,-749.37677
-880.3165283,566.4485474,-749.335083
-880.2411499,572.0163574,-749.321228
-880.1381836,577.6585083,-749.3318481
-880.0060425,583.371582,-749.3615112
-879.8436279,589.1517944,-749.4064331
-879.649292,594.9950562,-749.4647827
-879.4208984,600.897583,-749.5368652
-879.1557617,606.8567505,-749.6226196
-878.8513794,612.8718872,-749.720459
-878.5050659,618.9446411,-749.8275757
-878.1140747,625.0776367,-749.9411011
-877.6755981,631.2734375,-750.0584717
-877.187439,637.5327759,-750.1778564
-876.6479492,643.8543091,-750.2970581
-876.0567017,650.2346191,-750.4138184
-875.4142456,656.6699219,-750.526062
-874.7232666,663.1560059,-750.6312866
-873.9884033,669.6875,-750.7268677
-873.2158813,676.258728,-750.8106689
-872.4124756,682.8649292,-750.8825684
-871.5839844,689.5021973,-750.9454956
-870.7342529,696.1655884,-751.0046997
-869.8651123,702.8483276,-751.0673828
-868.9771729,709.5426025,-751.140564
-868.0690308,716.2410889,-751.2303467
-867.1381836,722.9390869,-751.3403931
-866.1811523,729.6362305,-751.472229
-865.1954346,736.3360596,-751.6246338
-864.1798706,743.0445557,-751.7940674
-863.1351929,749.7679443,-751.9761353
-862.0631104,756.5106201,-752.166626
-860.9664917,763.2740479,-752.3621826
-859.8482666,770.055542,-752.5610962
-858.7114868,776.8494263,-752.7632446
-857.5578613,783.6477051,-752.9685059
-856.3874512,790.440979,-753.1768799
-855.1987305,797.2194824,-753.3880615
-853.989563,803.9744263,-753.6015625
-852.7578735,810.6990967,-753.8161621
-851.5025024,817.3893433,-754.0299072
-850.2232666,824.0422974,-754.2417603
-848.9205933,830.6558228,-754.4526978
-847.595459,837.2279053,-754.664917
-846.2485962,843.7562256,-754.8812866
-844.880188,850.2391968,-755.1030884
-843.4898682,856.6768188,-755.3299561
-842.0767822,863.0720825,-755.5601807
-840.6387329,869.4309692,-755.7918701
-839.1716309,875.7636108,-756.0228882
-837.6690674,882.0831299,-756.2495117
-836.1239624,888.4041748,-756.4665527
-834.5292358,894.7392578,-756.6677246
-832.880249,901.0943604,-756.8477173
-831.1782837,907.4599609,-757.0042725
-829.4345093,913.8025513,-757.1416016
-827.6696777,920.0643921,-757.2718506
-825.9053345,926.180542,-757.4121094
-824.1547852,932.1060181,-757.5769043
-822.4194946,937.829895,-757.7723389
-820.6928711,943.3653564,-757.9967041
-818.9672241,948.7297363,-758.2462769
-817.2387085,953.9326172,-758.5195312
-815.5060425,958.9772949,-758.8164673
-813.7666016,963.8676147,-759.135498
-812.0150146,968.6113281,-759.4723511
-810.2459717,973.2183838,-759.8203735
-808.4572144,977.697876,-760.1715088
-806.6498413,982.0565796,-760.5171509
-804.8267212,986.2994385,-760.848999
-802.9918823,990.4293823,-761.1610107
-801.1496582,994.4459229,-761.4506226
-799.303772,998.3447266,-761.7194824
-797.4580078,1002.117126,-761.9713135
-795.6160278,1005.753357,-762.2095337
-793.781189,1009.245483,-762.4356689
-791.9561768,1012.588562,-762.6500854
-790.1438599,1015.78186,-762.8527222
-788.3477783,1018.827148,-763.0432129
-786.5723877,1021.729187,-763.2202759
-784.8215942,1024.493774,-763.382019
-783.0979614,1027.127441,-763.5275269
-781.4020996,1029.636597,-763.657959
-779.7340088,1032.025513,-763.7763062
-778.0942383,1034.297119,-763.8872681
-776.484314,1036.453613,-763.9963379
-774.9071045,1038.495117,-764.1089478
-773.3659668,1040.420776,-764.2280273
-771.8640747,1042.227539,-764.3534546
-770.4038086,1043.911011,-764.4836426
-768.9863281,1045.465454,-764.6170044
-767.6123047,1046.885376,-764.7518311
-766.2822876,1048.16687,-764.885498
-764.9974976,1049.309692,-765.0132446
-763.760376,1050.318359,-765.1290283
-762.5731812,1051.202148,-765.2269287
-761.4386597,1051.973633,-765.3024292
-760.3598633,1052.646973,-765.3538818
-759.3411865,1053.234741,-765.3821411
-758.3883057,1053.747437,-765.3903809
-757.5068359,1054.193359,-765.383606
-756.7012939,1054.578003,-765.3693237
-755.9746704,1054.905273,-765.3569336
-755.3270874,1055.177856,-765.3573608
-754.7561035,1055.398315,-765.3809204
-754.2572021,1055.57019,-765.4349976
-753.8245239,1055.698608,-765.5213013
-753.4514771,1055.789795,-765.6362915
-753.1309814,1055.85083,-765.7719116
-752.8554077,1055.889526,-765.9169922
-752.6164551,1055.913208,-766.0575562
-752.4055786,1055.928955,-766.1784058
-752.2130127,1055.944214,-766.2642822
-752.0286255,1055.96582,-766.3024902
-751.8426514,1055.999756,-766.2835693
-751.647644,1056.050171,-766.2018433
-751.4388428,1056.119019,-766.0551147
-751.2149048,1056.204834,-765.8446655
-750.9778442,1056.302856,-765.5750732
-750.7325439,1056.404907,-765.2542114
-750.4858398,1056.502197,-764.8927002
-750.2458496,1056.586426,-764.5028076
-750.020813,1056.6521,-764.0975342
-749.8187866,1056.697021,-763.6895752
-749.6461182,1056.722534,-763.2903442
-749.507019,1056.7323,-762.9096069
-749.4038696,1056.730591,-762.555481
-749.3369751,1056.721558,-762.234436
-749.305481,1056.70752,-761.9504395
-749.307251,1056.689453,-761.7055664
-749.3381958,1056.666992,-761.4991455
-749.3925781,1056.639771,-761.3291016
-749.4645386,1056.607422,-761.1904907
-749.5493164,1056.571655,-761.0759888
-749.6439819,1056.53418,-760.9761963
-749.7476196,1056.497559,-760.8817749
-749.8594971,1056.462891,-760.7844238
-749.9788818,1056.430908,-760.6781006
-750.1034546,1056.401733,-760.5600586
-750.2300415,1056.375977,-760.430603
-750.355957,1056.354004,-760.2918091
-750.4802856,1056.336426,-760.1466064
-750.604187,1056.324219,-759.9981689
-750.730896,1056.317017,-759.8491821
-750.8644409,1056.313599,-759.7017822
-751.0081177,1056.31189,-759.5579834
-751.1643066,1056.309082,-759.4193115
-751.3341675,1056.302124,-759.2873535
-751.5181885,1056.288818,-759.1630249
-751.7161255,1056.267944,-759.0456543
-751.9269409,1056.240479,-758.9331665
-752.1501465,1056.209106,-758.8223877
-752.3867188,1056.177124,-758.7096558
-752.6386719,1056.146973,-758.5914917
-752.9082642,1056.120117,-758.4658813
-753.197876,1056.096802,-758.3323364
-753.510437,1056.075806,-758.1913452
-753.8502808,1056.053955,-758.0438232
-754.2225342,1056.027466,-757.8910522
-754.6314697,1055.992798,-757.7352295
-755.0802612,1055.946411,-757.5795898
-755.5705566,1055.886475,-757.428833
-756.1033936,1055.811768,-757.2877197
-756.6787109,1055.72168,-757.1598511
-757.2962646,1055.615601,-757.046814
-757.9572144,1055.492554,-756.9481812
-758.6651611,1055.351074,-756.8619995
-759.4252319,1055.189697,-756.7861938
-760.2427979,1055.005737,-756.7192383
-761.121521,1054.795532,-756.6596069
-762.0629272,1054.554321,-756.6055298
-763.0664673,1054.276733,-756.555481
-764.1323242,1053.958618,-756.5078125
-765.2630005,1053.595947,-756.4608765
-766.4642944,1053.185425,-756.4116211
-767.7438965,1052.72229,-756.3562012
-769.1088257,1052.200684,-756.2901611
-770.5645142,1051.612915,-756.2088623
-772.114624,1050.949707,-756.1082764
-773.7603149,1050.200439,-755.9859619
-775.5005493,1049.353638,-755.8417358
-777.3321533,1048.397461,-755.6771851
-779.2514648,1047.318359,-755.494812
-781.2546387,1046.102295,-755.2977295
-783.3358154,1044.733765,-755.0900879
-785.4862671,1043.195801,-754.8765869
-787.6931152,1041.471069,-754.6627808
-789.9406738,1039.541748,-754.454834
-792.2120361,1037.390869,-754.2584839
-794.4915161,1035.004028,-754.0770264
-796.7664795,1032.370117,-753.9089966
-799.0292969,1029.483154,-753.748291
-801.2779541,1026.343384,-753.5855713
-803.5148926,1022.956909,-753.4104614
-805.744751,1019.333679,-753.2133179
-807.9718628,1015.484192,-752.9882202
-810.2001953,1011.4151,-752.7349243
-812.432312,1007.129028,-752.4594727
-814.6690063,1002.624207,-752.1730957
-816.9088135,997.8955688,-751.8889771
-819.1478882,992.9370117,-751.6192627
-821.3813477,987.7439575,-751.3726807
-823.6038818,982.31604,-751.1531982
-825.8126831,976.6583252,-750.9605103
-828.0081177,970.7814941,-750.791687
-830.1939697,964.7009277,-750.6439819
-832.3743896,958.4332275,-750.5167847
-834.5521851,951.9941406,-750.413269
-836.7272949,945.3967896,-750.3406982
-838.8980103,938.6499023,-750.3079224
-841.0612793,931.7575684,-750.3224487
-843.2121582,924.7208252,-750.3884277
-845.3448486,917.5396729,-750.5057983
-847.4534912,910.2162476,-750.6708984
-849.5333252,902.7568359,-750.8764648
-851.5822144,895.1730957,-751.112793
-853.6005249,887.4812622,-751.369873
-855.5890503,879.6998291,-751.6410522
-857.5454102,871.8453369,-751.9252319
-859.4626465,863.9293213,-752.2268066
-861.3294678,855.9579468,-752.5528564
-863.1328125,847.9337769,-752.9089966
-864.8606567,839.8597412,-753.2957764
-866.5045166,831.7420654,-753.7061768
-868.0598755,823.5922241,-754.1254883
-869.5263672,815.4268188,-754.5341797
-870.9068604,807.2660522,-754.9105835
-872.206665,799.1299438,-755.2340088
-873.4306641,791.0352173,-755.4879761
-874.5824585,782.992981,-755.6629028
-875.6636963,775.0076294,-755.7561035
-876.6748047,767.0772705,-755.7712402
-877.6154175,759.1975098,-755.7157593
-878.4857788,751.3654785,-755.5993652
-879.2876587,743.5831909,-755.432312
-880.0252686,735.8572388,-755.2261353
-880.7036743,728.1970215,-754.9951782
-881.3273315,720.6112061,-754.756897
-881.8997803,713.1057739,-754.5299072
-882.4240723,705.6845703,-754.3306885
-882.9047852,698.3520508,-754.1703491
-883.3485718,691.1175537,-754.0516968
-883.7637939,683.9970093,-753.9694824
-884.1574707,677.0115967,-753.9107666
-884.53125,670.1828613,-753.8601074
-884.8798828,663.527832,-753.8016968
-885.1950684,657.0552368,-753.7194824
-885.4702759,650.7657471,-753.5975342
-885.7022095,644.6534424,-753.4232788
-885.8912964,638.7081909,-753.1911621
-886.0415039,632.9174194,-752.9033813
-886.1600342,627.2686768,-752.5698853
-886.255188,621.7528687,-752.2060547
-886.3334961,616.3670654,-751.8292847
-886.3980103,611.1138916,-751.456543
-886.4484253,605.9977417,-751.1021118
-886.4825439,601.0194702,-750.7775269
-886.4986572,596.1740112,-750.4910889
-886.4970703,591.4519653,-750.2488403
-886.4803467,586.8447266,-750.0529785
-886.451355,582.3480835,-749.9024658
-886.411499,577.9614868,-749.7941895
-886.3596191,573.6852417,-749.7250977
-886.2926636,569.5178223,-749.6922607
-886.2073364,565.4557495,-749.6929321
-886.1012573,561.4957275,-749.7230225
-885.973999,557.6375122,-749.7774048
-885.8271484,553.8849487,-749.8496094
-885.6638794,550.2453003,-749.9329224
-885.4876099,546.7276001,-750.0210571
-885.3010864,543.3409424,-750.1092529
-885.1045532,540.0936279,-750.1941528
-884.8956909,536.9923706,-750.2733154
-884.6705933,534.0419312,-750.3447266
-884.425293,531.2454224,-750.4077759
-884.1583862,528.6039429,-750.4640503
-883.871521,526.1170044,-750.5177002
-883.5687256,523.7834473,-750.5736694
-883.2553101,521.602356,-750.6355591
-882.9359131,519.572876,-750.7039185
-882.6142578,517.6925049,-750.7761841
-882.2930908,515.9560547,-750.8479614
-881.973877,514.3561401,-750.9137573
-881.6574097,512.8834229,-750.9686279
-881.3438721,511.5282288,-751.0096436
-881.0334473,510.2805176,-751.0373535
-880.7262573,509.1296082,-751.0551147
-880.4221802,508.0646667,-751.0679321
-880.1213989,507.074585,-751.0813599
-879.8235474,506.1493835,-751.0986938
-879.5278931,505.2813721,-751.119812
-879.2335205,504.4657898,-751.1409302
-878.9398193,503.7015381,-751.1550903
-878.6469727,502.990387,-751.1547241
-878.3564453,502.3343201,-751.1340942
-878.0702515,501.7341614,-751.0914307
-877.7905884,501.1908264,-751.0275269
-877.5192871,500.7059937,-750.9442749
-877.2575684,500.282135,-750.8446655
-877.0060425,499.9214783,-750.7329102
-876.7644653,499.6257935,-750.6134033
-876.5314331,499.3965759,-750.4894409
-876.3051147,499.2347412,-750.3631592
-876.0838623,499.1408691,-750.2360229
-875.8666382,499.1148376,-750.1096802
-875.6531982,499.1559753,-749.9862061
-875.4440918,499.2631226,-749.8673096
-875.2394409,499.4348145,-749.7540894
-875.0393677,499.6696167,-749.6470947
-874.8433838,499.9666443,-749.5474243
-874.651062,500.3267822,-749.4575806
-874.4620972,500.7535706,-749.3812866
-874.2766113,501.2534485,-749.3226929
-874.0949707,501.8348389,-749.284668
-873.9177246,502.5059814,-749.2677612
-873.7443237,503.2749023,-749.2698975
-873.5734863,504.149353,-749.2868042
-873.4034424,505.1373596,-749.312561
-873.2330322,506.245697,-749.3411255
-873.0618286,507.4798889,-749.3673096
-872.8908691,508.844635,-749.3880005
-872.7225342,510.3442383,-749.402832
-872.5608521,511.9821167,-749.4143066
-872.4107666,513.7601929,-749.4266357
-872.2764893,515.6784668,-749.4442749
-872.1594849,517.7352905,-749.4698486
-872.0567627,519.9296265,-749.5024414
-871.960144,522.2642212,-749.5374756
-871.8574829,524.7495728,-749.5700684
-871.7348633,527.4055786,-749.5982666
-871.5799561,530.2576904,-749.6239014
-871.3852539,533.3262329,-749.6494751
-871.1502075,536.6190796,-749.6755981
-870.8811646,540.1307373,-749.7012329
-870.5880127,543.8464966,-749.7250977
-870.2814941,547.7485962,-749.7459717
-869.9698486,551.8200073,-749.7623901
-869.6584473,556.046875,-749.7734375
-869.3504639,560.4172974,-749.7790527
-869.0488281,564.9195557,-749.7805786
-868.7574463,569.541748,-749.7799683
-868.480896,574.2709351,-749.7804565
-868.2236328,579.0947266,-749.7859497
-867.9880371,584.003479,-749.8001099
-867.7723999,588.9925537,-749.826355
-867.5713501,594.0641479,-749.8670044
-867.3775635,599.2246704,-749.9237671
-867.1843262,604.480896,-749.9967651
-866.9876099,609.8377686,-750.0843506
-866.7858887,615.2976074,-750.1837769
-866.5797119,620.8607178,-750.291626
-866.3704224,626.5255127,-750.4043579
-866.1591797,632.289978,-750.5194702
-865.9465332,638.1525879,-750.635376
-865.7318726,644.1115723,-750.7525635
-865.5123901,650.1633301,-750.8734741
-865.2842407,656.3004761,-751.0015869
-865.0431519,662.5124512,-751.1397095
-864.7858276,668.7880859,-751.2892456
-864.5100098,675.1185303,-751.4490356
-864.2145996,681.4998169,-751.6157227
-863.8986206,687.9316406,-751.7854004
-863.5604858,694.4141235,-751.9545288
-863.1976318,700.9446411,-752.1206665
-862.8057861,707.5171509,-752.2821655
-862.3796387,714.1240234,-752.4370728
-861.913269,720.7590332,-752.5827026
-861.4017944,727.4185181,-752.7155762
-860.8424072,734.1004639,-752.8330078
-860.234436,740.8027344,-752.9343872
-859.5789795,747.5209351,-753.020752
-858.8779297,754.2489014,-753.0949707
-858.1332397,760.9789429,-753.1605835
-857.3467407,767.7039185,-753.2209473
-856.5202637,774.4176636,-753.2789917
-855.6557617,781.1168213,-753.3360596
-854.7553711,787.8019409,-753.3909302
-853.8208008,794.4782104,-753.4400635
-852.8530273,801.1547241,-753.4778442
-851.8520508,807.8432007,-753.4970093
-850.8175049,814.5556641,-753.4901123
-849.7487793,821.3015137,-753.4517822
-848.6459961,828.0827026,-753.3810425
-847.512207,834.8882446,-753.2827759
-846.3540039,841.6916504,-753.1689453
-845.1797485,848.456543,-753.0567017
-843.994751,855.1508789,-752.9615479
-842.7992554,861.7582397,-752.890686
-841.5892944,868.2785645,-752.8400269
-840.3597412,874.7197266,-752.7980347
-839.1074829,881.0881958,-752.7516479
-837.8312988,887.3866577,-752.690979
-836.5307617,893.6156006,-752.6109009
-835.2056885,899.7769165,-752.5100098
-833.8565063,905.8730469,-752.390564
-832.4838867,911.9055786,-752.2576904
-831.088623,917.8731689,-752.1191406
-829.6712646,923.7703857,-751.9839478
-828.2319336,929.5892944,-751.8607788
-826.7706909,935.3199463,-751.7560425
-825.2873535,940.9509888,-751.6726685
-823.7822266,946.4705811,-751.6097412
-822.2554932,951.8682251,-751.5646362
-820.7070313,957.1361084,-751.5344849
-819.137207,962.2694702,-751.5170288
-817.546814,967.2660522,-751.510376
-815.93573,972.1243896,-751.5136719
-814.3036499,976.8440552,-751.526123
-812.6505127,981.4252319,-751.546814
-810.9764404,985.8690796,-751.5752563
-809.2816162,990.1780396,-751.6119995
-807.5665894,994.355896,-751.6570435
-805.8328857,998.4070435,-751.7097778
-804.0824585,1002.335632,-751.7688599
-802.317627,1006.144348,-751.8340454
-800.5404663,1009.832947,-751.9067383
-798.7530518,1013.396423,-751.987793
-796.9580688,1016.826477,-752.0759277
-795.1594849,1020.110657,-752.1669312
-793.3619995,1023.23584,-752.2565918
-791.5698853,1026.190918,-752.3436279
-789.786377,1028.968506,-752.4304199
-788.0130005,1031.56665,-752.5215454
-786.2514038,1033.987305,-752.6218262
-784.5039063,1036.234741,-752.7345581
-782.7744141,1038.312988,-752.8610229
-781.067749,1040.22583,-753.0014038
-779.3880005,1041.976318,-753.1560059
-777.7371826,1043.567139,-753.3253784
-776.1159668,1045.002075,-753.508606
-774.524353,1046.286255,-753.7022705
-772.9627686,1047.428223,-753.8997803
-771.4334106,1048.439575,-754.0925903
-769.9394531,1049.335327,-754.2721558
-768.4837646,1050.131836,-754.432373
-767.0679932,1050.845459,-754.5716553
-765.6929321,1051.489502,-754.6928711
-764.3589478,1052.074707,-754.8018799
-763.065979,1052.608521,-754.9066772
-761.812561,1053.096802,-755.0164185
-760.5979614,1053.543579,-755.1391602
-759.4234619,1053.952881,-755.2798462
-758.2922974,1054.327515,-755.4401855
-757.2078857,1054.670532,-755.6186523
-756.1726074,1054.984253,-755.8121338
-755.1868896,1055.270996,-756.0167236
-754.2490234,1055.533081,-756.2286377
-753.3560791,1055.772217,-756.4440308
-752.5047607,1055.98999,-756.6584473
-751.6918335,1056.187622,-756.8659058
-750.9136353,1056.365234,-757.0599976
-750.1660767,1056.52356,-757.236084
-749.444397,1056.66394,-757.3926392
-748.7443237,1056.789063,-757.5305176
-748.0627441,1056.901733,-757.6524048
-747.3982544,1057.005249,-757.7602539
-746.7510986,1057.102173,-757.8552856
-746.1217041,1057.194214,-757.9378662
-745.5102539,1057.28186,-758.0081177
-744.9160156,1057.363281,-758.0663452
-744.3383179,1057.434448,-758.112793
-743.7767944,1057.490112,-758.1486816
-743.2321777,1057.524414,-758.1760254
-742.7058105,1057.533203,-758.1976318
-742.2006226,1057.515747,-758.2161255
-741.7207031,1057.474731,-758.2338867
-741.2705688,1057.41626,-758.2524414
-740.8547974,1057.347778,-758.2713623
-740.4777832,1057.274658,-758.2887573
-740.1418457,1057.200439,-758.3029785
-739.8475342,1057.126221,-758.3135376
-739.5932007,1057.05127,-758.3220215
-739.3766479,1056.973267,-758.3307495
-739.1950073,1056.891235,-758.3428955
-739.0454102,1056.806152,-758.362793
-738.9254761,1056.722412,-758.3948364
-738.8344116,1056.647827,-758.4429321
-738.7724609,1056.590942,-758.5090332
-738.7397461,1056.558716,-758.5933228
-738.7346191,1056.553711,-758.6934204
-738.7532959,1056.574097,-758.8047485
-738.7901001,1056.613281,-758.921936
-738.8389282,1056.663208,-759.0404663
-738.8942871,1056.716187,-759.1569824
-738.9526367,1056.766846,-759.2692871
-739.0124512,1056.813232,-759.3754272
-739.0738525,1056.854614,-759.4732666
-739.1377563,1056.89209,-759.5612793
-739.2060547,1056.926025,-759.6390991
-739.2811279,1056.957031,-759.708374
-739.3658447,1056.985107,-759.7716064
-739.4620361,1057.01001,-759.8311768
-739.5704346,1057.03186,-759.888855
-739.6901245,1057.050781,-759.9458618
-739.8190308,1057.068604,-760.0022583
-739.954895,1057.087646,-760.0582275
-740.0967407,1057.109985,-760.1134644
-740.2446899,1057.138062,-760.1679687
-740.4003296,1057.172607,-760.2215576
-740.5650635,1057.213501,-760.2729492
-740.7402954,1057.259521,-760.3197021
-740.9274292,1057.308838,-760.3585205
-741.128418,1057.359863,-760.3866577
-741.3458862,1057.412476,-760.4024048
-741.5818481,1057.467651,-760.406189
-741.8370361,1057.526733,-760.399353
-742.1119385,1057.591431,-760.3839111
-742.40625,1057.661865,-760.361145
-742.7203369,1057.736694,-760.331604
-743.0553589,1057.81311,-760.2952271
-743.414856,1057.886475,-760.2519531
-743.8031616,1057.951538,-760.2019043
-744.2244263,1058.003296,-760.145874
-744.6821289,1058.036987,-760.085144
-745.1798706,1058.048828,-760.0215454
-745.7211304,1058.036865,-759.9580078
-746.3088989,1058.001099,-759.8980713
-746.9448242,1057.942749,-759.8447266
-747.6295166,1057.863037,-759.7994995
-748.3632813,1057.763062,-759.7625122
-749.1472168,1057.642578,-759.7320557
-749.984314,1057.499512,-759.7047119
-750.8793335,1057.331543,-759.6762695
-751.8378906,1057.136108,-759.6425171
-752.8654785,1056.911621,-759.6002808
-753.9667358,1056.656616,-759.5466919
-755.1459961,1056.369141,-759.479187
-756.4071045,1056.045776,-759.3952637
-757.7544556,1055.680542,-759.2925415
-759.1937866,1055.266846,-759.1697388
-760.7316284,1054.795166,-759.0275879
-762.3729858,1054.255981,-758.8699951
-764.1202393,1053.638672,-758.7037354
-765.9724731,1052.932617,-758.5371094
-767.9268188,1052.127441,-758.3786621
-769.9788208,1051.213013,-758.2357788
-772.1210327,1050.177979,-758.1144409
-774.3422852,1049.010254,-758.0177002
-776.6286621,1047.695679,-757.9440308
-778.9658203,1046.219604,-757.8857422
-781.3411865,1044.568115,-757.8305054
-783.744751,1042.731079,-757.7649536
-786.1696777,1040.704102,-757.6785278
-788.6107178,1038.48877,-757.5662842
-791.0647583,1036.092896,-757.4290771
-793.5301514,1033.526611,-757.2721558
-796.0059204,1030.800171,-757.1028442
-798.491394,1027.922363,-756.9281616
-800.9851074,1024.898438,-756.7510986
-803.4850464,1021.730042,-756.569519
-805.9883423,1018.413757,-756.3762817
-808.4916382,1014.941162,-756.1600342
-810.9921265,1011.300049,-755.9075928
-813.4885864,1007.47699,-755.6070557
-815.9816284,1003.457947,-755.2512817
-818.473877,999.229248,-754.8425903
-820.9682617,994.7756958,-754.3928833
-823.4658203,990.0802002,-753.9221802
-825.9643555,985.1224976,-753.4541016
-828.458374,979.8807373,-753.0115967
-830.9404297,974.3343506,-752.6124268
-833.4024048,968.4679565,-752.2672119
-835.835022,962.2764282,-751.9785156
-838.2269897,955.7678833,-751.7428589
-840.5665283,948.9638672,-751.5513306
-842.8438721,941.8953247,-751.3909912
-845.0537109,934.5969238,-751.2451782
-847.196167,927.1026001,-751.0958862
-849.2765503,919.4436646,-750.9279785
-851.302002,911.6483154,-750.7322388
-853.2779541,903.7401123,-750.5083008
-855.2057495,895.7376709,-750.2634277
-857.0820923,887.6525879,-750.0103149
-858.9013672,879.4904785,-749.7631836
-860.6589355,871.2526855,-749.5336304
-862.3552246,862.9394531,-749.3275757
-863.9950562,854.552124,-749.144043
-865.5856934,846.0946045,-748.9769897
-867.1339111,837.572937,-748.8197632
-868.6434937,828.9934082,-748.6716309
-870.1141357,820.3612671,-748.5405884
-871.541626,811.6801147,-748.4424438
-872.918335,802.9526978,-748.3937988
-874.2355957,794.1821289,-748.4053345
-875.486084,785.3739624,-748.4766846
-876.6653442,776.5372314,-748.597168
-877.7723999,767.685791,-748.7505493
-878.8087769,758.8383789,-748.9214478
-879.7769165,750.0167847,-749.0996704
-880.6790161,741.2437134,-749.2814941
-881.517334,732.5410767,-749.4673462
-882.2945557,723.9290771,-749.6582642
-883.0154419,715.4266357,-749.8526001
-883.6865845,707.052124,-750.0450439
-884.3168945,698.8233032,-750.227356
-884.9168091,690.7559814,-750.390564
-885.4960938,682.8634644,-750.5273438
-886.0608521,675.1538696,-750.6349487
-886.6118164,667.6280518,-750.7180786
-887.1442261,660.27771,-750.7885742
-887.6495361,653.086731,-750.8626709
-888.1181641,646.0352173,-750.9559326
-888.5430908,639.1033936,-751.0776367
-888.9226685,632.2764893,-751.2266235
-889.2618408,625.5473633,-751.3924561
-889.5706177,618.9177246,-751.5612793
-889.8606567,612.397522,-751.7230835
-890.1410522,606.0026855,-751.8765869
-890.4159546,599.7512817,-752.0299683
-890.6836548,593.6604004,-752.1975098
-890.9378662,587.7432251,-752.3936768
-891.1707764,582.0089722,-752.6276855
-891.3764038,576.4637451,-752.8998413
-891.5532227,571.1126099,-753.2023926
-891.7039185,565.9612427,-753.5229492
-891.8327026,561.0145264,-753.8474731
-891.9425049,556.2739868,-754.1625977
-892.0339355,551.7345581,-754.4567261
-892.1066284,547.3840332,-754.7216187
-892.1601563,543.2059326,-754.9521484
-892.1954956,539.1837158,-755.1467285
-892.2158203,535.3039551,-755.3052979
-892.2263794,531.5579224,-755.428772
-892.2328491,527.9404297,-755.5206299
-892.2398071,524.4471436,-755.5897217
-892.25177,521.0737305,-755.6488037
-892.2733154,517.8156128,-755.7103882
-892.3081665,514.6677246,-755.7849121
-892.3569946,511.6252747,-755.8798218
-892.4174194,508.6846619,-755.9990845
-892.4854126,505.8444519,-756.1425171
-892.5562134,503.1058655,-756.3063354
-892.6252441,500.47229,-756.4833984
-892.6868896,497.9485779,-756.6627197
-892.7330322,495.5407715,-756.829895
-892.7530518,493.2545471,-756.9683228
-892.7353516,491.0931091,-757.0620117
-892.6715698,489.0548706,-757.0979004
-892.5593872,487.1323547,-757.0700684
-892.4038696,485.3144836,-756.9810181
-892.2149048,483.5923462,-756.8400269
-892.0047607,481.9631653,-756.659729
-891.7852783,480.4292603,-756.4550781
-891.5666504,478.994812,-756.2419434
-891.3565063,477.6643372,-756.0336304
-891.1588135,476.4422607,-755.8392334
-890.9743652,475.3315735,-755.6635742
-890.8010864,474.3323669,-755.5083618
-890.6355591,473.4407654,-755.3716431
-890.4749756,472.6486511,-755.2478638
-890.3192749,471.9441833,-755.1283569
-890.1712646,471.3130493,-755.0040894
-890.0361328,470.7401733,-754.8685913
-889.9187012,470.2114868,-754.72052
-889.8223877,469.71521,-754.5640259
-889.7485352,469.2429199,-754.4069214
-889.6967163,468.7903442,-754.2568359
-889.6652832,468.3578796,-754.1185303
-889.651001,467.950531,-753.993103
-889.6497803,467.57724,-753.8790283
-889.6573486,467.247406,-753.7752075
-889.6707764,466.9677429,-753.6836548
-889.7131958,466.6625671,-753.602478
-889.7554932,466.3853455,-753.5114746
-889.7594604,466.2128601,-753.3486938
-889.7672729,466.0361328,-753.1765747
-889.7799683,465.8576355,-752.9960327
-889.798645,465.6811829,-752.8098755
-889.8249512,465.5112,-752.6228638
-889.8601685,465.3517761,-752.4405518
-889.9056396,465.2062378,-752.2672119
-889.9622803,465.0776978,-752.1054688
-890.0294189,464.9693604,-751.9570313
-890.1039429,464.8847351,-751.822937
-890.1802368,464.8268738,-751.7035522
-890.2520752,464.7974854,-751.5982056
-890.314209,464.7972107,-751.505249
-890.3632202,464.8263855,-751.4223633
-890.397583,464.8872375,-751.3485107
-890.4172363,464.9855042,-751.284668
-890.4230957,465.1311646,-751.2331543
-890.416626,465.3376465,-751.1964722
-890.4006958,465.6202698,-751.1768799
-890.3791504,465.9949341,-751.1754761
-890.3574829,466.4776001,-751.192749
-890.3414307,467.0840149,-751.2287598
-890.3348389,467.8291931,-751.28302
-890.3384399,468.7261047,-751.3530273
-890.3491821,469.7840576,-751.4334717
-890.3618164,471.008667,-751.5158081
-890.37146,472.4033203,-751.5910645
-890.3752441,473.9705505,-751.6520386
-890.3728638,475.7125549,-751.6958008
-890.3654785,477.6311646,-751.7238159
-890.3550415,479.7280273,-751.7408447
-890.3436279,482.0044861,-751.753418
-890.3322754,484.4620056,-751.7686157
-890.3217163,487.1022339,-751.7940674
-890.3126831,489.9275208,-751.8381348
-890.3065796,492.9393616,-751.90979
-890.3052368,496.137146,-752.0180664
-890.3106079,499.5182495,-752.1697388
-890.3249512,503.0791626,-752.3679199
-890.3513184,506.8160706,-752.6114502
-890.392395,510.7254028,-752.8952026
-890.447998,514.8031616,-753.2095947
-890.5127563,519.0443726,-753.5385742
-890.5747681,523.4441528,-753.8585815
-890.6153564,528.000061,-754.1426392
-890.6126709,532.71521,-754.3677979
-890.5480957,537.5962524,-754.5223389
-890.4108276,542.6496582,-754.6095581
-890.1998901,547.8786621,-754.6472168
-889.9226685,553.2820435,-754.6619873
-889.5912476,558.8527222,-754.6800537
-889.218811,564.5783691,-754.7200928
-888.8170166,570.4454956,-754.7918091
-888.3951416,576.4423218,-754.8965454
-887.9591675,582.5601807,-755.0291748
-887.5103149,588.7955322,-755.1803589
-887.0440063,595.1517334,-755.3395996
-886.5513916,601.6381836,-755.4986572
-886.022583,608.2653809,-755.6539307
-885.451416,615.0396118,-755.805481
-884.8361206,621.960083,-755.9544067
-884.1784058,629.0197754,-756.1020508
-883.4812012,636.2078247,-756.2496948
-882.7475586,643.5109253,-756.4006348
-881.9799194,650.914856,-756.5600586
-881.1810303,658.4064941,-756.7341919
-880.3540039,665.9749146,-756.9276733
-879.501709,673.6126099,-757.1422119
-878.6246948,681.3157349,-757.3779297
-877.7196045,689.0840454,-757.6362305
-876.7789917,696.9187012,-757.9194336
-875.7936401,704.8207397,-758.2285767
-874.7541504,712.7906494,-758.5601196
-873.6516113,720.8292236,-758.9060059
-872.4776611,728.9387207,-759.2549438
-871.2246704,737.1231079,-759.5958862
-869.8865967,745.3870239,-759.9199219
-868.4607544,753.7347412,-760.2194824
-866.9483032,762.1685791,-760.4866943
-865.3540649,770.6878052,-760.711853
-863.6846313,779.2869873,-760.8864136
-861.947876,787.9538574,-761.0065918
-860.1520386,796.666626,-761.0776367
-858.3052979,805.3950806,-761.1132202
-856.4154053,814.1047363,-761.1332397
-854.4886475,822.7633667,-761.1570435
-852.5290527,831.3456421,-761.1986694
-850.538147,839.8362427,-761.2646484
-848.515564,848.2290039,-761.3560181
-846.4603271,856.5233765,-761.4706421
-844.3712769,864.7201538,-761.6045532
-842.2484131,872.8180542,-761.7521973
-840.0927734,880.8121338,-761.9058838
-837.9063721,888.6942139,-762.0559082
-835.690979,896.4547119,-762.1924438
-833.4475098,904.0836792,-762.3067017
-831.1763916,911.5722046,-762.3918457
-828.8782349,918.9128418,-762.4431152
-826.5540161,926.0993652,-762.4584961
-824.2053833,933.1260376,-762.4390869
-821.8347168,939.9866943,-762.3897095
-819.4450684,946.675354,-762.3182983
-817.0395508,953.185791,-762.2359009
-814.6209106,959.5113525,-762.15448
-812.1908569,965.6447754,-762.0840454
-809.749939,971.5783081,-762.0299072
-807.298584,977.3052979,-761.9927368
-804.8375854,982.8225708,-761.9685059
-802.3693237,988.1309814,-761.9506836
-799.8970337,993.2354736,-761.9314575
-797.4249878,998.1426392,-761.9038086
-794.958374,1002.857544,-761.8632202
-792.5025635,1007.382202,-761.8095093
-790.0629272,1011.713928,-761.7467041
-787.6448975,1015.846313,-761.6824951
-785.25354,1019.769714,-761.6258545
-782.8929443,1023.473938,-761.5872192
-780.5654907,1026.949341,-761.5759888
-778.272644,1030.187744,-761.5984497
-776.0166626,1033.183105,-761.6565552
-773.8010254,1035.931885,-761.7480469
-771.630188,1038.434326,-761.8670654
-769.5083618,1040.694336,-762.0046387
-767.4381714,1042.717896,-762.1494141
-765.4199829,1044.513062,-762.2885132
-763.4527588,1046.089722,-762.4096069
-761.5351563,1047.460205,-762.5023804
-759.6668091,1048.639526,-762.5596924
-757.8482666,1049.64563,-762.5771484
-756.0806274,1050.498779,-762.5532227
-754.3651123,1051.220337,-762.4893799
-752.7026978,1051.832153,-762.3890991
-751.0933228,1052.356201,-762.2576904
-749.5358887,1052.813965,-762.102356
-748.0288086,1053.225952,-761.930603
-746.5708008,1053.609863,-761.7506714
-745.159729,1053.97998,-761.5708008
-743.7925415,1054.345581,-761.3990479
-742.4655151,1054.711304,-761.2424927
-741.175415,1055.07666,-761.1049194
-739.9196167,1055.43811,-760.9873657
-738.6950684,1055.789917,-760.8881836
-737.4976196,1056.125,-760.8037109
-736.3228149,1056.435425,-760.7282715
-735.1672363,1056.712158,-760.6538696
-734.0292969,1056.946899,-760.5703735
-732.909729,1057.13562,-760.4664917
-731.8113403,1057.279541,-760.3322754
-730.7377319,1057.385986,-760.161499
-729.6919556,1057.466064,-759.9522705
-728.6766357,1057.531738,-759.7079468
-727.6949463,1057.593018,-759.4368286
-726.7504883,1057.654907,-759.1518555
-725.8466187,1057.716309,-758.8679199
-724.9857178,1057.770996,-758.5983276
-724.1690063,1057.809937,-758.3521729
-723.3953857,1057.824219,-758.1332397
-722.6624146,1057.808472,-757.940918
-721.9677734,1057.762939,-757.7715454
-721.3106689,1057.693848,-757.6206665
-720.6914063,1057.610718,-757.4848022
-720.1106567,1057.52417,-757.3615112
-719.5683594,1057.443115,-757.2492676
-719.0636597,1057.373413,-757.1467285
-718.5957031,1057.318115,-757.0532837
-718.1635132,1057.278198,-756.9691772
-717.7662354,1057.253418,-756.894165
-717.4037476,1057.244141,-756.8265991
-717.0754395,1057.25061,-756.7630005
-716.7798462,1057.272827,-756.7003174
-716.5144043,1057.309937,-756.637207
-716.2772217,1057.359131,-756.5750122
-716.0681763,1057.417114,-756.5177612
-715.8881226,1057.479004,-756.470459
-715.7365723,1057.540039,-756.4381714
-715.6114502,1057.596313,-756.4244995
-715.5097656,1057.645874,-756.4309082
-715.4300537,1057.688965,-756.456665
-715.3728638,1057.727905,-756.4992065
-715.3404541,1057.764526,-756.5537109
-715.3347168,1057.799561,-756.6142578
-715.3552246,1057.831665,-756.6743774
-715.3988647,1057.858154,-756.7287598
-715.4614258,1057.875488,-756.774353
-715.5385742,1057.881836,-756.8116455
-715.6275635,1057.878174,-756.843811
-715.7271729,1057.869629,-756.8744507
-715.8372803,1057.863159,-756.9057007
-715.958374,1057.866577,-756.9379883
-716.0914917,1057.885254,-756.9702759
-716.2385864,1057.921509,-757.0009155
-716.4025269,1057.973633,-757.0282593
-716.5866089,1058.035889,-757.0515137
-716.7936401,1058.10144,-757.0702515
-717.0252075,1058.163574,-757.0844727
-717.2819824,1058.217773,-757.0944824
-717.5639648,1058.26355,-757.100769
-717.8726196,1058.302734,-757.1036377
-718.211731,1058.337524,-757.1021118
-718.5865479,1058.368896,-757.0946045
-719.0025635,1058.394653,-757.0797729
-719.4637451,1058.40979,-757.057373
-719.97229,1058.407227,-757.0296631
-720.52948,1058.380493,-757.0010376
-721.135498,1058.325439,-756.9763794
-721.7902222,1058.242554,-756.9587402
-722.493042,1058.136719,-756.9486694
-723.2432861,1058.017578,-756.9438477
-724.0407715,1057.895386,-756.9400024
-724.8860474,1057.777588,-756.932312
-725.7806396,1057.666504,-756.9155884
-726.7269287,1057.556396,-756.8860474
-727.7277222,1057.435181,-756.8409424
-728.7865601,1057.287964,-756.7792358
-729.9075317,1057.099243,-756.7011108
-731.0959473,1056.858521,-756.6084595
-732.3578491,1056.560791,-756.5048218
-733.6988525,1056.20813,-756.3953247
-735.1230469,1055.805908,-756.2854614
-736.6318359,1055.359863,-756.1801147
-738.2244263,1054.871948,-756.083252
-739.8981323,1054.336914,-755.9972534
-741.6486206,1053.742188,-755.9230347
-743.4700928,1053.069336,-755.8609619
-745.3562012,1052.297485,-755.8098755
-747.3009033,1051.408813,-755.7661743
-749.2977905,1050.390625,-755.723938
-751.34021,1049.237305,-755.6761475
-753.4208374,1047.94873,-755.6167603
-755.5316162,1046.527588,-755.5401001
-757.6636963,1044.974976,-755.4407349
-759.8080444,1043.288208,-755.3143311
-761.9576416,1041.458008,-755.1582031
-764.1104126,1039.469849,-754.9711304
-766.2713623,1037.307861,-754.7521362
-768.4507446,1034.959229,-754.5012817
-770.6600342,1032.4198,-754.2211914
-772.9072266,1029.694946,-753.9173584
-775.1939087,1026.798218,-753.5993652
-777.513855,1023.746582,-753.2807007
-779.8547974,1020.55603,-752.977356
-782.2025757,1017.236084,-752.7042236
-784.5458374,1013.785217,-752.4721069
-786.8787231,1010.188538,-752.2850952
-789.199707,1006.41925,-752.1402588
-791.5112915,1002.441956,-752.0291748
-793.8184814,998.2185669,-751.9415283
-796.128418,993.7130737,-751.8686523
-798.4472046,988.8961182,-751.8079224
-800.7779541,983.7479248,-751.7644653
-803.1203613,978.2593994,-751.7495117
-805.4708252,972.4329224,-751.7770996
-807.8234863,966.2803955,-751.8590088
-810.1707764,959.8214111,-752.0013428
-812.5041504,953.0811768,-752.2035522
-814.8143921,946.0879517,-752.4581299
-817.0917358,938.8716431,-752.7512207
-819.3253174,931.4625854,-753.0626831
-821.5047607,923.8905029,-753.3678589
-823.6223145,916.184021,-753.6405029
-825.6744995,908.3710938,-753.8587646
-827.6613159,900.4790649,-754.0112915
-829.5841064,892.5332642,-754.0995483
-831.4437866,884.5543823,-754.1378784
-833.2394409,876.5543823,-754.149353
-834.9677734,868.5346069,-754.1600342
-836.62323,860.4869385,-754.1936035
-838.1991577,852.3984985,-754.2677612
-839.6895142,844.2561646,-754.3909302
-841.0911865,836.0516357,-754.560791
-842.4058228,827.7845459,-754.7644043
-843.6401978,819.4631958,-754.9824219
-844.803772,811.1031494,-755.1954956
-845.9056396,802.7236938,-755.3898926
-846.953064,794.3428345,-755.5604858
-847.9505615,785.9737549,-755.7107544
-848.9000854,777.6233521,-755.8505859
-849.8017578,769.2940063,-755.9915161
-850.6551514,760.9866943,-756.1424561
-851.460022,752.7045898,-756.3066406
-852.2165527,744.454834,-756.4819336
-852.9266357,736.2481689,-756.6623535
-853.5939331,728.0974121,-756.8405762
-854.2227783,720.0142822,-757.0112305
-854.8170166,712.0074463,-757.1741333
-855.3790283,704.0806885,-757.3352051
-855.9104004,696.2341309,-757.5042725
-856.4128418,688.4654541,-757.6901855
-856.8879395,680.7724609,-757.8977051
-857.3379517,673.1552124,-758.1253662
-857.7665405,665.6184082,-758.3658447
-858.1775513,658.1719971,-758.6079712
-858.5733032,650.8310547,-758.8408203
-858.9534302,643.6121826,-759.0562134
-859.3169556,636.5285034,-759.2486572
-859.6627808,629.5864258,-759.4160156
-859.9904175,622.7868652,-759.5593872
-860.300293,616.1292725,-759.6807861
-860.5951538,609.6157837,-759.7828979
-860.8794556,603.25177,-759.8689575
-861.15802,597.0435791,-759.9443359
-861.4334717,590.9954224,-760.0170288
-861.7040405,585.1068115,-760.0967407
-861.9647217,579.3726196,-760.1919556
-862.2085571,573.7840576,-760.3043823
-862.4291382,568.3330078,-760.4274292
-862.6216431,563.0142822,-760.5478516
-862.7832031,557.8275757,-760.6487427
-862.913269,552.7757568,-760.7151489
-863.0117188,547.8641968,-760.7379761
-863.0783691,543.0978394,-760.7164917
-863.1122437,538.479187,-760.6567993
-863.1118164,534.0065308,-760.5698853
-863.0773315,529.6729126,-760.4682007
-863.0120239,525.4664307,-760.362793
-862.9224243,521.3713989,-760.2612915
-862.8175049,517.3718262,-760.1675415
-862.7072144,513.4553223,-760.0820313
-862.6013794,509.6166992,-760.003418
-862.5084839,505.8580322,-759.9295044
-862.43573,502.1867981,-759.8571777
-862.3873291,498.6127319,-759.7827148
-862.3626099,495.1444702,-759.7019043
-862.3544922,491.7874756,-759.6103516
-862.3504639,488.5434265,-759.5026245
-862.3366089,485.4110413,-759.3717651
-862.3015137,482.3878174,-759.2099609
-862.2392578,479.4717102,-759.0097656
-862.1498413,476.6629333,-758.7659302
-862.0391235,473.9638062,-758.4777832
-861.9177856,471.3771057,-758.151123
-861.7998657,468.9060364,-757.7991943
-861.6990967,466.5559692,-757.4394531
-861.6279907,464.334198,-757.0901489
-861.5952759,462.2467651,-756.7671509
-861.6055298,460.295105,-756.4801025
-861.6583252,458.4750366,-756.2297363
-861.74823,456.7775269,-756.0071411
-861.8649292,455.1922913,-755.7952881
-861.9953003,453.7108459,-755.5725098
-862.1262817,452.3269653,-755.3191528
-862.2481079,451.0367737,-755.0235596
-862.3562622,449.8397827,-754.6851196
-862.4526978,448.7398376,-754.3127441
-862.5450439,447.7431641,-753.921936
-862.644165,446.8543091,-753.5302734
-862.760498,446.0718079,-753.1524048
-862.9020386,445.3865662,-752.7971802
-863.0751343,444.7879944,-752.4682007
-863.2870483,444.2731934,-752.1671143
-863.5438232,443.8442993,-751.8950195
-863.8435059,443.4950256,-751.6496582
-864.1747437,443.2077942,-751.4230957
-864.5231323,442.9651489,-751.203064
-864.8775635,442.7567749,-750.9758301
-865.2312622,442.5785522,-750.730896
-865.5812378,442.4304199,-750.4658813
-865.9274902,442.3144226,-750.18573
-866.2714844,442.2335815,-749.8990479
-866.6141968,442.1902771,-749.614563
-866.9547729,442.1847229,-749.3397217
-867.2919922,442.2147522,-749.0792847
-867.6252441,442.2782898,-748.8366089
-867.9544678,442.3747864,-748.6146851
-868.2791138,442.5049744,-748.4160767
-868.5977173,442.6690979,-748.2396851
-868.9074097,442.8666382,-748.0799561
-869.204834,443.0978394,-747.9295044
-869.4871826,443.3656616,-747.7824097
-869.7532959,443.6760254,-747.637085
-870.0037231,444.0355835,-747.4957275
-870.2389526,444.4474487,-747.3632202
-870.458252,444.9069214,-747.2451172
-870.6583862,445.3978882,-747.1448975
-870.8341064,445.8917236,-747.0631104
-870.979248,446.3507385,-746.9981689
-871.1977539,447.2172241,-746.8655396
-871.4255981,448.2191772,-746.7565308
-871.6756592,449.5668335,-746.8174438
-871.9371338,450.9822693,-746.8822632
-872.1959229,452.5119629,-746.953186
-872.4414673,454.1921387,-747.0280151
-872.6671143,456.0477295,-747.1016846
-872.8684082,458.0941162,-747.1699219
-873.0425415,460.3395996,-747.2300415
-873.1860962,462.7855835,-747.2792358
-873.2962646,465.4265747,-747.3143311
-873.3717041,468.2518311,-747.3330688
-873.413147,471.2476196,-747.3364258
-873.4234009,474.3996582,-747.3292847
-873.4058228,477.6947021,-747.3197021
-873.3641968,481.122406,-747.3170166
-873.3030396,484.6771851,-747.3300171
-873.2294922,488.3580933,-747.3659058
-873.1538086,492.1676636,-747.4299927
-873.0870972,496.1086121,-747.5236816
-873.0375977,500.1809998,-747.6434937
-873.0087891,504.3831177,-747.7806396
-872.9998779,508.7145386,-747.9221802
-873.0045776,513.1795654,-748.0518799
-873.0103149,517.7885742,-748.1538696
-873.0006104,522.5584106,-748.2196655
-872.9615479,527.5076294,-748.2542725
-872.8873291,532.6471558,-748.2732544
-872.7800903,537.9736938,-748.2922974
-872.6473999,543.4715576,-748.3205566
-872.4989624,549.1207275,-748.361084
-872.3421021,554.9046631,-748.4130859
-872.1790161,560.8135376,-748.4733887
-872.0083008,566.8416138,-748.5395508
-871.8291626,572.9827881,-748.6120605
-871.6431885,579.2283325,-748.6934814
-871.4525757,585.5693359,-748.7858276
-871.2589722,591.9971313,-748.8895264
-871.0627441,598.5027466,-749.0040283
-870.8632202,605.0769043,-749.1279297
-870.6586914,611.7096558,-749.2600098
-870.4468384,618.3909912,-749.3991699
-870.2241211,625.1118774,-749.5438232
-869.9874268,631.8657227,-749.6920166
-869.7336426,638.6494751,-749.8414917
-869.4605103,645.4634399,-749.9905396
-869.1661377,652.3106689,-750.1386719
-868.8494263,659.196167,-750.2850952
-868.5090942,666.1257935,-750.4295654
-868.1431885,673.1048584,-750.5727539
-867.7481689,680.1368408,-750.7161255
-867.3196411,687.2227783,-750.8614502
-866.852478,694.3616333,-751.0098877
-866.3421631,701.552063,-751.1603394
-865.7855835,708.7945557,-751.309082
-865.1817627,716.0913086,-751.4503784
-864.5311279,723.4439697,-751.5786133
-863.8341064,730.8516235,-751.6900635
-863.0892944,738.3100586,-751.7839966
-862.2935181,745.8117676,-751.8622437
-861.4447632,753.3457031,-751.9293823
-860.5444336,760.8969116,-751.9920044
-859.5975952,768.4475098,-752.0575562
-858.6112671,775.9804077,-752.1343384
-857.5911865,783.4838257,-752.230896
-856.5402832,790.9528809,-752.3545532
-855.4589844,798.3883667,-752.5092163
-854.3468628,805.7940674,-752.6957397
-853.2041626,813.1745605,-752.9130249
-852.0325928,820.5339966,-753.1582642
-850.8348389,827.875,-753.4273071
-849.6134644,835.1981812,-753.7150269
-848.3695068,842.501709,-754.0162354
-847.1016235,849.7818604,-754.3275757
-845.8063965,857.0324707,-754.6472168
-844.4790649,864.2456055,-754.9747314
-843.1149292,871.4119263,-755.3093262
-841.7107544,878.5221558,-755.6502686
-840.2642822,885.5675049,-755.9968872
-838.7741089,892.5402222,-756.3487549
-837.2391357,899.4343872,-756.7051392
-835.6590576,906.2463989,-757.0645752
-834.0342407,912.9751587,-757.4248047
-832.3656616,919.6212158,-757.7833252
-830.6537476,926.1842041,-758.1398315
-828.8977661,932.6608887,-758.4955444
-827.0965576,939.0438232,-758.8520508
-825.2504272,945.3217773,-759.2088623
-823.3609619,951.4811401,-759.5635376
-821.4303589,957.508667,-759.9122314
-819.460083,963.3929443,-760.2508545
-817.4515991,969.1253052,-760.5751953
-815.4074707,974.6998901,-760.8810425
-813.3317261,980.1132813,-761.1644287
-811.2297363,985.3636475,-761.4231567
-809.1072998,990.4503784,-761.6567383
-806.9708252,995.373291,-761.866394
-804.8272095,1000.132019,-762.0545044
-802.6835938,1004.726013,-762.2249756
-800.5460205,1009.153687,-762.383606
-798.418335,1013.412659,-762.5387573
-796.3018799,1017.498474,-762.7009888
-794.1967163,1021.403748,-762.881958
-792.1025391,1025.118164,-763.0913086
-790.0189209,1028.628418,-763.3346558
-787.9468384,1031.919556,-763.6116333
-785.8891602,1034.977051,-763.9164429
-783.8505859,1037.789429,-764.2410889
-781.8364868,1040.349731,-764.5784912
-779.8525391,1042.655762,-764.9233398
-777.9038086,1044.708862,-765.2719727
-775.9940186,1046.515015,-765.6218262
-774.1254272,1048.082642,-765.9710693
-772.2994995,1049.423706,-766.3186646
-770.519165,1050.552734,-766.6630249
-768.7897339,1051.487549,-767.0023193
-767.117981,1052.248779,-767.3337402
-765.5109863,1052.860718,-767.6531982
-763.9744873,1053.349487,-767.9559326
-762.5117798,1053.741333,-768.2381592
-761.1236572,1054.060791,-768.4994507
-759.8095093,1054.328613,-768.7431641
-758.567749,1054.561157,-768.9750366
-757.3967285,1054.77002,-769.2017212
-756.2945557,1054.962891,-769.4295654
-755.2596436,1055.143799,-769.663208
-754.2897949,1055.313354,-769.9047852
-753.3809814,1055.469604,-770.1529541
-752.5259399,1055.609009,-770.4002075
-751.7126465,1055.728027,-770.6298828
-750.9248047,1055.823486,-770.8193359
-750.1462402,1055.895386,-770.9475098
-749.3639526,1055.947266,-771
-748.5697632,1055.987549,-770.9697876
-747.7602539,1056.027954,-770.855835
-746.9370117,1056.081787,-770.6633301
-746.1063232,1056.159302,-770.4034424
-745.2789307,1056.264893,-770.09198
-744.4673462,1056.396118,-769.7471313
-743.6817017,1056.544922,-769.3862305
-742.9271851,1056.700195,-769.0238037
-742.2033691,1056.848755,-768.6697388
-741.506958,1056.978882,-768.3289795
-740.8336182,1057.082764,-768.0005493
-740.1807251,1057.158813,-767.678772
-739.5474243,1057.211914,-767.3554687
-738.9335327,1057.251831,-767.0231323
-738.3386841,1057.289307,-766.6763306
-737.760376,1057.332764,-766.3139038
-737.1947021,1057.386108,-765.9384155
-736.6375122,1057.44751,-765.5550537
-736.0864868,1057.510864,-765.1691284
-735.5411987,1057.567993,-764.7856445
-735.001709,1057.612183,-764.40979
-734.4684448,1057.639282,-764.0454102
-733.9414673,1057.649292,-763.6941528
-733.4213867,1057.644409,-763.3549805
-732.9094849,1057.62915,-763.0256348
-732.4071045,1057.60791,-762.7035522
-731.9157715,1057.584717,-762.3866577
-731.4370728,1057.561279,-762.0725708
-730.9721069,1057.538452,-761.758667
-730.5219727,1057.516479,-761.4420166
-730.0865479,1057.495972,-761.1195679
-729.6654053,1057.478516,-760.788269
-729.2576294,1057.46582,-760.446228
-728.8615723,1057.460571,-760.0932007
-728.4758911,1057.464111,-759.7305298
-728.0993652,1057.47522,-759.3606567
-727.7312622,1057.490967,-758.9865723
-727.3709106,1057.506958,-758.6113892
-727.0179443,1057.518066,-758.2373657
-726.6727905,1057.520142,-757.8648682
-726.3353882,1057.510742,-757.4925537
-726.0045776,1057.489258,-757.118103
-725.6778564,1057.457764,-756.7391968
-725.3530884,1057.419922,-756.3545532
-725.029541,1057.380493,-755.9638062
-724.7097168,1057.343506,-755.5668335
-724.3980713,1057.31189,-755.1636353
-724.0997314,1057.286743,-754.7542114
-723.8189697,1057.267822,-754.3394165
-723.5583496,1057.253662,-753.9205933
-723.3184204,1057.242065,-753.5
-723.0985107,1057.230591,-753.0814819
-722.8971558,1057.216431,-752.670166
-722.713562,1057.197998,-752.2716675
-722.5471191,1057.17395,-751.8895264
-722.3980103,1057.143799,-751.5253296
-722.2666626,1057.107666,-751.1791382
-722.1535034,1057.065796,-750.8501587
-722.0584106,1057.018555,-750.5368652
-721.9795532,1056.965454,-750.2369385
-721.9133301,1056.905518,-749.9472656
-721.8547974,1056.837524,-749.6641235
-721.7980957,1056.760742,-749.383728
-721.7377319,1056.674316,-749.102417
-721.6692505,1056.578857,-748.8174438
-721.5898438,1056.475464,-748.5272827
-721.4979858,1056.366943,-748.2322388
-721.3924561,1056.25647,-747.9343262
-721.2719116,1056.147705,-747.6364136
-721.1341553,1056.043945,-747.3415527
-720.9769287,1055.949097,-747.0515747
-720.7982788,1055.866333,-746.7665405
-720.5978394,1055.798462,-746.484436
-720.3773193,1055.747681,-746.2020874
-720.1394043,1055.715454,-745.9161377
-719.8876343,1055.702759,-745.6239014
-719.6258545,1055.709106,-745.3242187
-719.3582153,1055.733765,-745.0177612
-719.0892944,1055.774902,-744.7070312
-718.8225098,1055.831421,-744.3968506
-718.5599976,1055.902344,-744.0924683
-718.3027954,1055.987549,-743.798584
-718.0513306,1056.08606,-743.5169678
-717.8053589,1056.196167,-743.2467041
-717.5637207,1056.31543,-742.9857178
-717.3249512,1056.440796,-742.7321167
-717.0875244,1056.568481,-742.4858398
-716.8495483,1056.693726,-742.2477417
-716.6085205,1056.81189,-742.0186768
-716.3619995,1056.918701,-741.7990723
-716.1088257,1057.011475,-741.5888672
-715.848999,1057.089355,-741.3872681
-715.5831909,1057.154663,-741.1940918
-715.3118286,1057.210815,-741.0095215
-715.0355835,1057.262451,-740.8338623
-714.7547607,1057.313477,-740.6674805
-714.4702148,1057.367432,-740.5109863
-714.1835938,1057.426514,-740.3657227
-713.8973389,1057.49231,-740.2338257
-713.6146851,1057.565552,-740.1177979
-713.3382568,1057.646362,-740.0200806
-713.0692749,1057.733765,-739.9421387
-712.8065186,1057.826538,-739.8853149
-712.5476685,1057.923218,-739.8504639
-712.2915039,1058.021851,-739.8389282
-712.0377197,1058.120728,-739.8511963
-711.7862549,1058.21814,-739.8867798
-711.5372314,1058.313843,-739.9437866
-711.2929077,1058.40564,-740.0184326
-711.0613403,1058.490723,-740.104187
-710.855896,1058.564697,-740.1928711
-710.6867676,1058.625,-740.2793579
-710.5528564,1058.672852,-740.3651733
-710.4451904,1058.711914,-740.4561768
-710.3547974,1058.746582,-740.557312
-710.2750244,1058.78064,-740.6704712
-710.2020264,1058.817627,-740.7955322
-710.1341553,1058.860718,-740.9310303
-710.0715942,1058.911987,-741.0751343
-710.0146484,1058.972412,-741.2251587
-709.9634399,1059.041748,-741.3788452
-709.9178467,1059.119873,-741.5351562
-709.8780518,1059.205933,-741.694458
-709.8447876,1059.299316,-741.8578491
-709.8189697,1059.398438,-742.0255737
-709.800354,1059.501709,-742.196228
-709.7879028,1059.606445,-742.3670044
-709.7809448,1059.710083,-742.5354614
-709.779541,1059.810913,-742.7005005
-709.7843018,1059.908325,-742.8626709
-709.7961426,1060.001953,-743.0229492
-709.8154907,1060.091187,-743.1817017
-709.8424683,1060.174927,-743.3380737
-709.8768921,1060.251831,-743.4899292
-709.9186401,1060.320557,-743.6355591
-709.9674683,1060.381104,-743.7745361
-710.0227051,1060.434204,-743.9084473
-710.0831299,1060.481079,-744.0397949
-710.1472778,1060.522461,-744.1712036
-710.2143555,1060.559326,-744.3035278
-710.2846069,1060.591431,-744.4360962
-710.3584595,1060.618652,-744.5669556
-710.4363403,1060.641479,-744.6943359
-710.5181885,1060.660278,-744.8170166
-710.6038208,1060.676025,-744.9343872
-710.6920166,1060.689819,-745.0457153
-710.781311,1060.703003,-745.1505127
-710.8699951,1060.716553,-745.2487793
-710.9580078,1060.730957,-745.3408813
-711.0467529,1060.74646,-745.4278564
-711.1382446,1060.763062,-745.5109253
-711.2346802,1060.780029,-745.5913086
-711.3381348,1060.796509,-745.6707764
-711.4507446,1060.811768,-745.7515869
-711.5736694,1060.824463,-745.8376465
-711.7078857,1060.83374,-745.9334106
-711.8535767,1060.838013,-746.0421753
-712.0096436,1060.835083,-746.1641846
-712.173645,1060.822754,-746.2969971
-712.3430786,1060.800171,-746.4376221
-712.5165405,1060.767456,-746.5838623
-712.6947632,1060.727173,-746.7350464
-712.8800659,1060.682007,-746.8908081
-713.0748291,1060.635254,-747.0496216
-713.2808228,1060.589722,-747.2094727
-713.49823,1060.548218,-747.3693848
-713.7260742,1060.513794,-747.5298462
-713.9620972,1060.488403,-747.6915894
-714.2032471,1060.4729,-747.8546143
-714.4462891,1060.467041,-748.0169067
-714.6885376,1060.469849,-748.1759644
-714.9285889,1060.479004,-748.3297119
-715.166687,1060.492676,-748.4786987
-715.4037476,1060.508301,-748.6252441
-715.6400146,1060.523193,-748.7731934
-715.8747559,1060.534668,-748.9259033
-716.1066284,1060.540771,-749.0856934
-716.3345947,1060.540039,-749.2526855
-716.5587158,1060.532349,-749.4249268
-716.7804565,1060.518311,-749.5986328
-717.001709,1060.498535,-749.7701416
-717.2247314,1060.473999,-749.9359131
-717.4511108,1060.445557,-750.0938721
-717.6810913,1060.415039,-750.2432251
-717.9139404,1060.383545,-750.3842773
-718.1489868,1060.353149,-750.5175781
-718.3859863,1060.325195,-750.6435547
-718.625061,1060.301025,-750.7626953
-718.8668213,1060.281128,-750.8746338
-719.1119385,1060.265503,-750.9788818
-719.3614502,1060.254028,-751.074707
-719.6170654,1060.246582,-751.1624756
-719.8820801,1060.242554,-751.2435303
-720.1603394,1060.241333,-751.3198853
-720.4552002,1060.241333,-751.3934937
-720.7680054,1060.241211,-751.4665527
-721.0975342,1060.239014,-751.5411987
-721.4418335,1060.233643,-751.6204224
-721.798584,1060.224731,-751.7070923
-722.1652222,1060.212158,-751.8029785
-722.5385132,1060.196167,-751.9078979
-722.9159546,1060.176636,-752.0192261
-723.2961426,1060.154053,-752.1327515
-723.6784058,1060.128418,-752.2440796
-724.0623779,1060.100464,-752.3498535
-724.447876,1060.071289,-752.4476929
-724.8348389,1060.042358,-752.5356445
-725.2234497,1060.015137,-752.612915
-725.6141968,1059.991699,-752.6798706
-726.0075684,1059.974487,-752.7387085
-726.4035645,1059.964966,-752.7926025
-726.8026123,1059.963501,-752.8439331
-727.2047729,1059.968872,-752.894043
-727.6095581,1059.978271,-752.9438477
-728.015625,1059.988159,-752.9935913
-728.4222412,1059.995483,-753.0439453
-728.8300171,1059.998535,-753.0957031
-729.2406006,1059.997437,-753.1507568
-729.6560059,1059.99292,-753.211792
-730.0775757,1059.98645,-753.2813721
-730.5064697,1059.97876,-753.3609619
-730.9434204,1059.971069,-753.4506836
-731.3883057,1059.963745,-753.5496826
-731.8397217,1059.958374,-753.6564941
-732.2957153,1059.955933,-753.7687988
-732.7546387,1059.957275,-753.8837891
-733.2146606,1059.962402,-753.9988403
-733.6739502,1059.97229,-754.1124878
-734.1311646,1059.986572,-754.2250977
-734.5858154,1060.005249,-754.3381348
-735.038208,1060.027954,-754.4535522
-735.4890137,1060.053833,-754.5731201
-735.9385986,1060.082031,-754.6976318
-736.3864136,1060.112061,-754.8270264
-736.8319702,1060.143433,-754.9609375
-737.2744141,1060.176025,-755.0980835
-737.713562,1060.210449,-755.2371826
-738.1485596,1060.246216,-755.3772583
-738.5784912,1060.283325,-755.5175781
-739.0028687,1060.321289,-755.6569824
-739.4223022,1060.358643,-755.7945557
-739.8373413,1060.3927,-755.9294434
-740.2485962,1060.420654,-756.0615845
-740.6573486,1060.439575,-756.1912842
-741.0656128,1060.446411,-756.3189697
-741.4752197,1060.44043,-756.4453125
-741.8865967,1060.423828,-756.5726318
-742.2963257,1060.404663,-756.7037964
-742.6972046,1060.398315,-756.8406982
-743.0776367,1060.429932,-756.9823608
-743.4215698,1060.535767,-757.1251831
-743.7084961,1060.761597,-757.2633667
-743.9165649,1061.158447,-757.3908081
